,precision,recall,f1-score,support
Benign,0.999788787078739,0.9988332329996462,0.9993107816109082,322258.0
Malicious,0.9941423897803396,0.9989355373970759,0.9965332000749578,63882.0
accuracy,0.9988501579737918,0.9988501579737918,0.9988501579737918,0.9988501579737918
macro avg,0.9969655884295393,0.9988843851983611,0.9979219908429331,386140.0
weighted avg,0.9988546617557568,0.9988501579737918,0.9988512657263079,386140.0
