loaded_model_accuracy,loaded_model_precision,loaded_model_recall,loaded_model_f1
0.9988501579737918,0.9941423897803396,0.9989355373970759,0.9965332000749578
